town_id,raw_id,sta,lat,lon
0,JR00,東京,35.681382,139.766084
1,JR01,有楽町,35.675069,139.763328
2,JR02,新橋,35.665498,139.75964
3,JR03,浜松町,35.655646,139.756749
4,JR04,田町,35.645736,139.747575
5,JR05,品川,35.630152,139.74044
6,JR06,大崎,35.6197,139.728553
7,JR07,五反田,35.626446,139.723444
8,JR08,目黒,35.633998,139.715828
9,JR09,恵比寿,35.64669,139.710106
10,JR10,渋谷,35.658517,139.701334
11,JR11,原宿,35.670168,139.702687
12,JR12,代々木,35.683061,139.702042
13,JR13,新宿,35.690921,139.700258
14,JR14,新大久保,35.701306,139.700044
15,JR15,高田馬場,35.712285,139.703782
16,JR16,目白,35.721204,139.706587
17,JR17,池袋,35.728926,139.71038
18,JR18,大塚,35.731401,139.728662
19,JR19,巣鴨,35.733492,139.739345
20,JR20,駒込,35.736489,139.746875
21,JR21,田端,35.738062,139.76086
22,JR22,西日暮里,35.732135,139.766787
23,JR23,日暮里,35.727772,139.770987
24,JR24,鶯谷,35.720495,139.778837
25,JR25,上野,35.713768,139.777254
26,JR26,御徒町,35.707438,139.774632
27,JR27,秋葉原,35.698683,139.774219
28,JR28,神田,35.69169,139.770883
29,Y01,和光市駅,35.78855,139.612337
30,Y02,地下鉄成増駅,35.77653,139.63151
31,Y03,地下鉄赤塚駅,35.769939,139.644025
32,Y04,平和台駅,35.75786,139.653764
33,Y05,氷川台駅,35.749545,139.665571
34,Y06,小竹向原駅,35.743806,139.67858
35,Y07,千川駅,35.738229,139.689274
36,Y08,要町駅,35.73323,139.698718
37,Y10,東池袋駅,35.725729,139.719537
38,Y11,護国寺駅,35.719046,139.727541
39,Y12,江戸川橋駅,35.709503,139.733541
40,Y13,飯田橋駅,35.70206,139.745005
41,Y14,市ヶ谷駅,35.691043,139.735601
42,Y15,麹町駅,35.684002,139.737615
43,Y16,永田町駅,35.678764,139.740257
44,Y17,桜田門駅,35.677403,139.751493
45,Y19,銀座一丁目駅,35.674346,139.767047
46,Y20,新富町駅,35.670458,139.773715
47,Y21,月島駅,35.664869,139.784232
48,Y22,豊洲駅,35.654908,139.796219
49,Y23,辰巳駅,35.645584,139.810526
50,Y24,新木場駅,35.646157,139.827426
51,G02,表参道駅,35.665246,139.712317
52,G03,外苑前駅,35.670532,139.717855
53,G04,青山一丁目駅,35.672768,139.724164
54,G05,赤坂見附駅,35.677021,139.737052
55,G06,溜池山王駅,35.673631,139.741419
56,G07,虎ノ門駅,35.670227,139.749833
57,G08,新橋駅,35.66661,139.758121
58,G09,銀座駅,35.671981,139.763971
59,G10,京橋駅,35.676843,139.77011
60,G11,日本橋駅,35.682418,139.773924
61,G12,三越前駅,35.684891,139.773163
62,G14,末広町駅,35.702973,139.771717
63,G15,上野広小路駅,35.707678,139.772881
64,G17,稲荷町駅,35.711295,139.782599
65,G18,田原町駅,35.709901,139.790932
66,G19,浅草駅,35.712068,139.798432
67,H01,中目黒駅,35.644315,139.69916
68,H03,広尾駅,35.652277,139.722203
69,H04,六本木駅,35.66284,139.731446
70,H05,神谷町駅,35.662978,139.745077
71,H06,霞ケ関駅,35.673836,139.750898
72,H07,日比谷駅,35.675115,139.759768
73,H09,東銀座駅,35.669463,139.767259
74,H10,築地駅,35.668116,139.772607
75,H11,八丁堀駅,35.674616,139.777704
76,H12,茅場町駅,35.679756,139.780008
77,H13,人形町駅,35.686313,139.782287
78,H14,小伝馬町駅,35.690738,139.778436
79,H15,秋葉原駅,35.698545,139.773093
80,H16,仲御徒町駅,35.706647,139.776137
81,H18,入谷駅,35.72074,139.784543
82,H19,三ノ輪駅,35.729629,139.79149
83,H20,南千住駅,35.732337,139.798772
84,H21,北千住駅,35.749675,139.804882
85,T01,中野駅,35.706035,139.665654
86,T02,落合駅,35.710975,139.687286
87,T04,早稲田駅,35.705724,139.721316
88,T05,神楽坂駅,35.703794,139.734547
89,T07,九段下駅,35.695591,139.751952
90,T08,竹橋駅,35.690662,139.75682
91,T09,大手町駅,35.684795,139.766082
92,T12,門前仲町駅,35.671851,139.796214
93,T13,木場駅,35.669354,139.807039
94,T14,東陽町駅,35.669626,139.817601
95,T15,南砂町駅,35.668796,139.830653
96,T16,西葛西駅,35.664531,139.859369
97,T17,葛西駅,35.663525,139.872691
98,T18,浦安駅,35.665745,139.892939
99,M01,荻窪駅,35.704631,139.619982
100,M02,南阿佐ケ谷駅,35.699634,139.635761
101,M03,新高円寺駅,35.697817,139.648169
102,M04,東高円寺駅,35.697804,139.657828
103,M05,新中野駅,35.697491,139.669034
104,M06,中野坂上駅,35.697922,139.682909
105,M07,西新宿駅,35.694302,139.692782
106,M09,新宿三丁目駅,35.690618,139.706268
107,M10,新宿御苑前駅,35.688585,139.710694
108,M11,四谷三丁目駅,35.687956,139.720106
109,M12,四ツ谷駅,35.686013,139.730668
110,M14,国会議事堂前駅,35.673938,139.745217
111,M17,東京駅,35.681102,139.767087
112,M19,淡路町駅,35.69543,139.767576
113,M20,御茶ノ水駅,35.699856,139.763786
114,M21,本郷三丁目駅,35.706671,139.759915
115,M22,後楽園駅,35.707338,139.751203
116,M23,茗荷谷駅,35.717302,139.736736
117,M24,新大塚駅,35.725694,139.729968
118,C01,代々木上原,35.669066,139.67968
119,C02,代々木公園駅,35.669188,139.689097
120,C03,明治神宮前駅,35.669075,139.703994
121,C05,乃木坂駅,35.666571,139.726219
122,C06,赤坂駅,35.672134,139.736212
123,C10,二重橋前駅,35.681072,139.761951
124,C12,新御茶ノ水駅,35.698072,139.766012
125,C13,湯島駅,35.708242,139.76992
126,C14,根津駅,35.7174,139.765655
127,C15,千駄木駅,35.725546,139.763241
128,C17,町屋駅,35.742798,139.781046
129,C19,綾瀬駅,35.762213,139.824916
130,C20,北綾瀬駅,35.777057,139.832037
131,Z05,半蔵門駅,35.685701,139.741631
132,Z07,神保町駅,35.695495,139.758118
133,Z10,水天宮前駅,35.68269,139.78538
134,Z11,清澄白河駅,35.682102,139.798855
135,Z12,住吉駅,35.689067,139.815651
136,Z13,錦糸町駅,35.696436,139.813951
137,Z14,押上駅,35.710701,139.81294
138,N02,白金台駅,35.637917,139.726138
139,N03,白金高輪駅,35.642907,139.734104
140,N04,麻布十番駅,35.654681,139.737055
141,N05,六本木一丁目駅,35.665599,139.738997
142,N12,東大前駅,35.717637,139.758024
143,N13,本駒込駅,35.724148,139.753829
144,N15,西ケ原駅,35.746007,139.742328
145,N16,王子駅,35.752475,139.738141
146,N17,王子神谷駅,35.765175,139.735928
147,N18,志茂駅,35.777951,139.7326
148,N19,赤羽岩淵駅,35.783424,139.722101
149,A01,西馬込,35.586859,139.705941
150,A02,馬込駅,35.596435,139.711772
151,A03,中延駅,35.605387,139.71362
152,A04,戸越駅,35.614637,139.716496
153,A06,高輪台駅,35.631676,139.730304
154,A07,泉岳寺駅,35.638696,139.740016
155,A08,三田駅,35.648182,139.748776
156,A09,大門駅,35.656786,139.754661
157,A12,宝町駅,35.675463,139.771765
158,A15,東日本橋駅,35.692123,139.784822
159,A16,浅草橋駅,35.697552,139.785992
160,A17,蔵前駅,35.703237,139.790935
161,A18,浅草駅,35.708941,139.796568
162,A19,本所吾妻橋駅,35.708579,139.804625
163,I05,芝公園駅,35.654075,139.749827
164,I06,御成門駅,35.661221,139.751533
165,I07,内幸町駅,35.669746,139.75561
166,I11,水道橋駅,35.703529,139.755082
167,I12,春日駅,35.709605,139.75325
168,I13,白山駅,35.721411,139.752134
169,I14,千石駅,35.727959,139.744801
170,I16,西巣鴨駅,35.743502,139.728716
171,I17,新板橋駅,35.748785,139.720106
172,I18,板橋区役所前駅,35.75129,139.710107
173,I19,板橋本町駅,35.761342,139.705533
174,I20,本蓮沼駅,35.768788,139.702323
175,I21,志村坂上駅,35.775728,139.695379
176,I22,志村三丁目駅,35.777481,139.685897
177,I23,蓮根駅,35.784175,139.679041
178,I24,西台駅,35.786992,139.673966
179,I25,高島平駅,35.788829,139.661167
180,I26,新高島平駅,35.790293,139.654266
181,I27,西高島平駅,35.791934,139.645892
182,S03,曙橋駅,35.692406,139.722877
183,S07,小川町駅,35.695232,139.767463
184,S08,岩本町駅,35.695541,139.775872
185,S09,馬喰横山駅,35.692121,139.782778
186,S10,浜町駅,35.688514,139.788156
187,S11,森下駅,35.68796,139.797045
188,S12,菊川駅,35.688383,139.806014
189,S14,西大島駅,35.689346,139.826211
190,S15,大島駅,35.689912,139.83565
191,S16,東大島駅,35.690344,139.845958
192,S17,船堀駅,35.683745,139.864315
193,S18,一之江駅,35.686052,139.882929
194,S19,瑞江駅,35.693321,139.897612
195,E28,都庁前駅,35.690553,139.692573
196,E28,都庁前駅,35.690553,139.692573
197,E01,新宿西口駅,35.693315,139.699155
198,E02,東新宿駅,35.697922,139.707545
199,E03,若松河田駅,35.699218,139.718185
200,E04,牛込柳町駅,35.699521,139.725025
201,E05,牛込神楽坂駅,35.700852,139.735807
202,E09,上野御徒町駅,35.707887,139.774332
203,E10,新御徒町駅,35.70705,139.781944
204,E11,蔵前駅,35.705552,139.792314
205,E12,両国駅,35.696885,139.797431
206,E17,勝どき駅,35.65851,139.77644
207,E18,築地市場駅,35.664902,139.766926
208,E19,汐留駅,35.662792,139.759848
209,E21,赤羽橋駅,35.655006,139.743648
210,E22,麻布十番駅,35.656494,139.736119
211,E23,六本木駅,35.664011,139.731444
212,E25,国立競技場駅,35.680058,139.714127
213,E26,代々木駅,35.683658,139.70158
214,E27,新宿駅,35.688191,139.69915
215,E29,西新宿五丁目駅,35.689797,139.684309
216,E31,東中野駅,35.706826,139.683032
217,E32,中井駅,35.713978,139.686353
218,E33,落合南長崎駅,35.723612,139.683303
219,E34,新江古田駅,35.732537,139.670654
220,E35,練馬駅,35.73746,139.655068
221,E36,豊島園駅,35.742054,139.649113
222,E37,練馬春日町駅,35.751456,139.640235
223,E38,光が丘駅,35.758528,139.6286
224,NS000,N/A,35.72929333,139.7433464
225,NS001,N/A,35.69850521,139.6644426
226,NS002,N/A,35.65796787,139.6591551
227,NS003,N/A,35.60489657,139.6514626
228,NS004,N/A,35.64695529,139.6774452
229,NS005,N/A,35.75414061,139.7107619
230,NS006,N/A,35.67339778,139.6848071
231,NS007,N/A,35.72181972,139.7901315
232,NS008,N/A,35.69397299,139.6756767
233,NS009,N/A,35.77398152,139.7602314
234,NS010,N/A,35.65892939,139.6894079
235,NS011,N/A,35.71797768,139.7188723
236,NS012,N/A,35.69372566,139.686871
237,NS013,N/A,35.70075859,139.6626461
238,NS014,N/A,35.68489296,139.7259949
239,NS015,N/A,35.72034191,139.7074215
240,NS016,N/A,35.70427711,139.7413075
241,NS017,N/A,35.80344698,139.8014136
242,NS018,N/A,35.64095525,139.6265484
243,NS020,N/A,35.69407261,139.7052277
244,NS021,N/A,35.67063536,139.7270364
245,NS022,N/A,35.67670758,139.7034601
246,NS023,N/A,35.69948028,139.7060805
247,NS024,N/A,35.72740752,139.7369122
248,NS025,N/A,35.72472558,139.7140125
249,NS026,N/A,35.71546118,139.6894115
250,NS027,N/A,35.72240587,139.6940149
251,NS028,N/A,35.598601,139.649439
252,NS029,N/A,35.74651784,139.7094611
253,NS030,N/A,35.65376542,139.6510454
254,NS031,N/A,35.7088906,139.7148768
255,NS032,N/A,35.78544957,139.7573312
256,NS033,N/A,35.67629288,139.6362152
257,NS034,N/A,35.68810021,139.7131152
258,NS035,N/A,35.67115162,139.6554711
259,NS036,N/A,35.71073461,139.6793031
260,NS037,N/A,35.73348738,139.7066042
261,NS038,N/A,35.69564431,139.6287561
262,NS039,N/A,35.69697449,139.7092097
263,NS040,N/A,35.72936032,139.7314699
264,NS041,N/A,35.73202853,139.7558787
265,NS042,N/A,35.68271626,139.6496
266,NS043,N/A,35.7551907,139.7401993
267,NS044,N/A,35.73734764,139.7334632
268,NS045,N/A,35.63075254,139.6607405
269,NS046,N/A,35.66009004,139.6664007
270,NS047,N/A,35.70538337,139.6758307
271,NS048,N/A,35.71494479,139.6740328
272,NS049,N/A,35.71054516,139.7018021
273,NS050,N/A,35.72602292,139.7504594
274,NS051,N/A,35.70954406,139.7266988
275,NS052,N/A,35.64318658,139.7008515
276,NS053,N/A,35.76539754,139.7643376
277,NS054,N/A,35.68132502,139.6964502
278,NS055,N/A,35.63204169,139.6283713
279,NS056,N/A,35.63160097,139.6439479
280,NS057,N/A,35.67567384,139.6800358
281,NS058,N/A,35.7073726,139.6950274
282,NS059,N/A,35.69024238,139.7131462
283,NS060,N/A,35.72549492,139.7681199
284,NS061,N/A,35.73387235,139.7617791
285,NS062,N/A,35.76772138,139.7490487
286,NS063,N/A,35.69622614,139.6776518
287,NS064,N/A,35.73396925,139.7014704
288,NS065,N/A,35.7396029,139.7188658
289,NS066,N/A,35.69756113,139.7262587
290,NS067,N/A,35.7311813,139.7300195
291,NS068,N/A,35.72337475,139.693724
292,NS069,N/A,35.69152467,139.6959159
293,NS070,N/A,35.65367278,139.6560649
294,NS071,N/A,35.74199504,139.7332387
295,NS072,N/A,35.72366014,139.7708211
296,NS073,N/A,35.64563724,139.6801126
297,NS074,N/A,35.7130513,139.7230593
298,NS075,N/A,35.7281931,139.7481004
299,NS076,N/A,35.71523704,139.6926401
300,NS077,N/A,35.66869009,139.7131106
301,NS078,N/A,35.72647697,139.6895236
302,NS079,N/A,35.63770463,139.6479261
303,NS080,N/A,35.73824665,139.7261161
304,NS081,N/A,35.6860103,139.7058046
305,NS082,N/A,35.69649225,139.6342094
306,NS083,N/A,35.61542901,139.7044804
307,NS084,N/A,35.75134778,139.7340853
308,NS085,N/A,35.67989212,139.6353129
309,NS086,N/A,35.70785021,139.7357062
310,NS087,N/A,35.68397482,139.6916476
311,NS088,N/A,35.75101735,139.7824195
312,NS089,N/A,35.71415366,139.6628554
313,NS090,N/A,35.76367081,139.7975136
314,NS091,N/A,35.6182344,139.6165264
315,NS092,N/A,35.74503373,139.7807809
316,NS093,N/A,35.79732163,139.7833043
317,NS094,N/A,35.70888285,139.7394021
318,NS095,N/A,35.70380537,139.6840375
319,NS096,N/A,35.70658509,139.6835123
320,NS097,N/A,35.74206245,139.756958
321,NS098,N/A,35.6811223,139.6988841
322,NS099,N/A,35.7060813,139.7436055
323,NS100,N/A,35.6952051,139.7093956
324,NS101,N/A,35.71759813,139.7247505
325,NS102,N/A,35.6697605,139.6745565
326,NS103,N/A,35.66324266,139.7358629
327,NS104,N/A,35.64633815,139.6541929
328,NS105,N/A,35.68773862,139.7302873
329,NS106,N/A,35.74345273,139.7413608
330,NS107,N/A,35.73604336,139.6941209
331,NS108,N/A,35.67916636,139.6731566
332,NS109,N/A,35.64048759,139.6483588
333,NS110,N/A,35.676457,139.7053406
334,NS111,N/A,35.71475913,139.7146594
335,NS113,N/A,35.66543414,139.6451431
336,NS114,N/A,35.6479926,139.7075798
337,NS115,N/A,35.68701911,139.6796145
338,NS116,N/A,35.63598292,139.6010966
339,NS117,N/A,35.71132435,139.7560444
340,NS118,N/A,35.75931114,139.7711241
341,NS119,N/A,35.72484154,139.7497065
342,NS120,N/A,35.61628887,139.6191758
343,NS121,N/A,35.70254262,139.750132
344,NS122,N/A,35.68193466,139.6980694
345,NS123,N/A,35.68950015,139.6784593
346,NS124,N/A,35.75545661,139.7633657
347,NS125,N/A,35.73710332,139.7198987
348,NS126,N/A,35.60913892,139.6373607
349,NS127,N/A,35.63031362,139.6630847
350,NS128,N/A,35.76515894,139.7180869
351,NS129,N/A,35.70860301,139.693859
352,NS130,N/A,35.59736067,139.6098416
353,NS131,N/A,35.7357908,139.7296485
354,NS132,N/A,35.71802566,139.6627865
355,NS133,N/A,35.70701375,139.6978468
356,NS134,N/A,35.73029325,139.7150928
357,NS135,N/A,35.67220543,139.6680243
358,NS136,N/A,35.68102491,139.7199295
359,NS137,N/A,35.68931139,139.6823041
360,NS138,N/A,35.71743442,139.7164669
361,NS139,N/A,35.68811646,139.6717118
362,NS140,N/A,35.72610658,139.7360207
363,NS141,N/A,35.56065701,139.6226825
364,NS142,N/A,35.67854875,139.6971827
365,NS143,N/A,35.68228716,139.6845913
366,NS144,N/A,35.73710688,139.7358172
367,NS145,N/A,35.63213522,139.6083946
368,NS146,N/A,35.69832779,139.7105561
369,NS147,N/A,35.77880794,139.735946
370,NS149,N/A,35.72562791,139.7154563
371,NS150,N/A,35.68430638,139.6602085
372,NS151,N/A,35.6780861,139.6854114
373,NS152,N/A,35.69062498,139.6960676
374,NS153,N/A,35.74137439,139.74981
375,NS154,N/A,35.67294031,139.6790571
376,NS155,N/A,35.70085743,139.6794511
377,NS156,N/A,35.65403601,139.6773843
378,NS157,N/A,35.67550864,139.6654945
379,NS158,N/A,35.64833516,139.6780354
380,NS159,N/A,35.71839981,139.7382712
381,NS160,N/A,35.77396477,139.7588794
382,NS161,N/A,35.70508749,139.6848229
383,NS162,N/A,35.69875967,139.6777169
384,NS163,N/A,35.7619139,139.7861539
385,NS164,N/A,35.68835537,139.7009439
386,NS165,N/A,35.64315187,139.6486211
387,NS166,N/A,35.75463397,139.7371835
388,NS167,N/A,35.68261823,139.7121602
389,NS168,N/A,35.79367123,139.7678404
390,NS169,N/A,35.66930356,139.6633273
391,NS170,N/A,35.79931197,139.7771234
392,NS171,N/A,35.75327998,139.7028624
393,NS172,N/A,35.68079033,139.758716
394,NS173,N/A,35.68178045,139.7113939
395,NS174,N/A,35.73533673,139.6979537
396,NS175,N/A,35.7457285,139.7222977
397,NS176,N/A,35.65324931,139.6917885
398,NS177,N/A,35.69463164,139.6872614
399,NS178,N/A,35.68700227,139.7731686
400,NS179,N/A,35.74388268,139.7551934
401,NS180,N/A,35.74623127,139.7478655
402,NS181,N/A,35.73227368,139.7224413
403,NS182,N/A,35.66446432,139.6282862
404,NS183,N/A,35.69996512,139.6571825
405,NS184,N/A,35.61412459,139.6125742
406,NS185,N/A,35.69864147,139.6970958
407,NS186,N/A,35.68254301,139.7088479
408,NS188,N/A,35.66336068,139.6582659
409,NS189,N/A,35.67746814,139.6980764
410,NS190,N/A,35.71951829,139.7661249
411,NS192,N/A,35.72201746,139.7269941
412,NS193,N/A,35.73078806,139.7567304
413,NS194,N/A,35.73443019,139.7059517
414,NS195,N/A,35.79151594,139.7560372
415,NS196,N/A,35.71563546,139.6990568
416,NS197,N/A,35.72405364,139.7821278
417,NS199,N/A,35.72800279,139.6835233
